{
    "loss": 0.30729031562805176,
    "accuracy": 0.8826461434364319
}