{
    "loss": 0.28143104910850525,
    "accuracy": 0.8744902610778809
}